delay_bucket,orders,avg_score,pct_1star,pct_5star
10+ early,56652,4.323925015886465,6.444609192967592,64.0789380780908
5-10 early,22437,4.277844631635245,6.4313410883808,60.85929491464991
3-5 early,4111,4.172220870834347,7.492094380929213,57.16370712721965
0-3 early,4702,4.133985538068907,7.932794555508295,55.08294342832837
0-3 late,2635,3.7658444022770396,13.776091081593927,43.225806451612904
3-5 late,932,2.59656652360515,45.171673819742495,23.283261802575105
5-10 late,1861,1.889306824288017,64.42772702847931,10.317033852767329
10+ late,2230,1.6977578475336323,69.73094170403587,6.950672645739911
